{"cameraMode":{"drawMode":0,"name":"Shaded","section":"Shading Mode"},"sceneLighting":false,"audioPlay":false,"sceneViewState":{"m_AlwaysRefresh":false,"showFog":true,"showSkybox":false,"showFlares":true,"showImageEffects":true,"showParticleSystems":true,"showVisualEffectGraphs":true,"m_FxEnabled":true},"in2DMode":false,"pivot":{"x":1.1920928955078126e-7,"y":0.22499993443489076,"z":3.5762786865234377e-7},"rotation":{"x":-0.3806270360946655,"y":0.07533042877912522,"z":-0.031134167686104776,"w":-0.9212383031845093},"size":0.2613668739795685,"orthographic":false}