{"cameraMode":{"drawMode":0,"name":"Shaded","section":"Shading Mode"},"sceneLighting":true,"audioPlay":false,"sceneViewState":{"m_AlwaysRefresh":false,"showFog":true,"showSkybox":true,"showFlares":true,"showImageEffects":true,"showParticleSystems":true,"showVisualEffectGraphs":true,"m_FxEnabled":true},"in2DMode":false,"pivot":{"x":-7.3338165283203129,"y":2.064347743988037,"z":-12.492420196533204},"rotation":{"x":0.4146157205104828,"y":0.037132393568754199,"z":-0.01696060039103031,"w":0.9092978835105896},"size":4.522772312164307,"orthographic":false}