{"cameraMode":{"drawMode":0,"name":"Shaded","section":"Shading Mode"},"sceneLighting":true,"audioPlay":false,"sceneViewState":{"m_AlwaysRefresh":false,"showFog":true,"showSkybox":true,"showFlares":true,"showImageEffects":true,"showParticleSystems":true,"showVisualEffectGraphs":true,"m_FxEnabled":true},"in2DMode":false,"pivot":{"x":-13.84994888305664,"y":-0.6114616394042969,"z":-6.494046211242676},"rotation":{"x":0.40664181113243105,"y":-0.021641209721565248,"z":0.009604430757462979,"w":0.9134969711303711},"size":6.726357460021973,"orthographic":false}