{"cameraMode":{"drawMode":0,"name":"Shaded","section":"Shading Mode"},"sceneLighting":false,"audioPlay":false,"sceneViewState":{"m_AlwaysRefresh":false,"showFog":true,"showSkybox":false,"showFlares":true,"showImageEffects":true,"showParticleSystems":true,"showVisualEffectGraphs":true,"m_FxEnabled":true},"in2DMode":false,"pivot":{"x":0.20760846138000489,"y":1.5408403873443604,"z":-0.0524519681930542},"rotation":{"x":0.05276321619749069,"y":0.03780103847384453,"z":-0.0018431160133332015,"w":0.9980723857879639},"size":1.3705637454986573,"orthographic":false}