{"cameraMode":{"drawMode":0,"name":"Shaded","section":"Shading Mode"},"sceneLighting":false,"audioPlay":false,"sceneViewState":{"m_AlwaysRefresh":false,"showFog":true,"showSkybox":false,"showFlares":true,"showImageEffects":true,"showParticleSystems":true,"showVisualEffectGraphs":true,"m_FxEnabled":true},"in2DMode":false,"pivot":{"x":0.0006543397903442383,"y":-0.011121392250061036,"z":0.001992255449295044},"rotation":{"x":0.23361721634864808,"y":-0.21347251534461976,"z":0.05277450755238533,"w":0.9473274946212769},"size":0.6485779881477356,"orthographic":false}