{"cameraMode":{"drawMode":0,"name":"Shaded","section":"Shading Mode"},"sceneLighting":false,"audioPlay":false,"sceneViewState":{"m_AlwaysRefresh":false,"showFog":true,"showSkybox":false,"showFlares":true,"showImageEffects":true,"showParticleSystems":true,"showVisualEffectGraphs":true,"m_FxEnabled":true},"in2DMode":false,"pivot":{"x":1.3769607676294982e-10,"y":0.0731755718588829,"z":4.1308823028884947e-10},"rotation":{"x":-0.12816093862056733,"y":0.4110484719276428,"z":-0.05843091756105423,"w":-0.9007803797721863},"size":0.5387789011001587,"orthographic":false}