{"cameraMode":{"drawMode":0,"name":"Shaded","section":"Shading Mode"},"sceneLighting":false,"audioPlay":false,"sceneViewState":{"m_AlwaysRefresh":false,"showFog":true,"showSkybox":false,"showFlares":true,"showImageEffects":true,"showParticleSystems":true,"showVisualEffectGraphs":true,"m_FxEnabled":true},"in2DMode":false,"pivot":{"x":-6.325650691986084,"y":1.968185544013977,"z":0.3240578770637512},"rotation":{"x":0.004584139212965965,"y":-0.9944496154785156,"z":0.09307307749986649,"w":0.051397550851106647},"size":0.8660253882408142,"orthographic":false}