{"cameraMode":{"drawMode":0,"name":"Shaded","section":"Shading Mode"},"sceneLighting":false,"audioPlay":false,"sceneViewState":{"m_AlwaysRefresh":false,"showFog":true,"showSkybox":false,"showFlares":true,"showImageEffects":true,"showParticleSystems":true,"showVisualEffectGraphs":true,"m_FxEnabled":true},"in2DMode":false,"pivot":{"x":-6.60373067855835,"y":0.7590000629425049,"z":0.20097875595092774},"rotation":{"x":0.018500208854675294,"y":-0.916885256767273,"z":0.39667659997940066,"w":0.04332122579216957},"size":1.6692228317260743,"orthographic":false}