{"cameraMode":{"drawMode":0,"name":"Shaded","section":"Shading Mode"},"sceneLighting":false,"audioPlay":false,"sceneViewState":{"m_AlwaysRefresh":false,"showFog":true,"showSkybox":false,"showFlares":true,"showImageEffects":true,"showParticleSystems":true,"showVisualEffectGraphs":true,"m_FxEnabled":true},"in2DMode":false,"pivot":{"x":-0.3082326054573059,"y":0.4416531026363373,"z":-0.022890567779541017},"rotation":{"x":0.23762072622776032,"y":-0.6789352893829346,"z":0.24900822341442109,"w":0.648806631565094},"size":1.8302381038665772,"orthographic":false}