{"cameraMode":{"drawMode":0,"name":"Shaded","section":"Shading Mode"},"sceneLighting":false,"audioPlay":false,"sceneViewState":{"m_AlwaysRefresh":false,"showFog":true,"showSkybox":false,"showFlares":true,"showImageEffects":true,"showParticleSystems":true,"showVisualEffectGraphs":true,"m_FxEnabled":true},"in2DMode":false,"pivot":{"x":-0.37976086139678957,"y":0.7833196520805359,"z":-0.016434431076049806},"rotation":{"x":-0.0033481724094599487,"y":-0.9956352114677429,"z":-0.08802811801433563,"w":0.03646916523575783},"size":1.2984800338745118,"orthographic":false}