{"cameraMode":{"drawMode":0,"name":"Shaded","section":"Shading Mode"},"sceneLighting":false,"audioPlay":false,"sceneViewState":{"m_AlwaysRefresh":false,"showFog":true,"showSkybox":false,"showFlares":true,"showImageEffects":true,"showParticleSystems":true,"showVisualEffectGraphs":true,"m_FxEnabled":true},"in2DMode":false,"pivot":{"x":-0.11223109811544419,"y":1.0835953950881959,"z":0.09103631973266602},"rotation":{"x":-0.0015978463925421239,"y":0.9977549314498901,"z":-0.0632549300789833,"w":-0.02697824127972126},"size":1.2247449159622193,"orthographic":false}