{"cameraMode":{"drawMode":0,"name":"Shaded","section":"Shading Mode"},"sceneLighting":false,"audioPlay":false,"sceneViewState":{"m_AlwaysRefresh":false,"showFog":true,"showSkybox":false,"showFlares":true,"showImageEffects":true,"showParticleSystems":true,"showVisualEffectGraphs":true,"m_FxEnabled":true},"in2DMode":false,"pivot":{"x":0.2623560428619385,"y":1.4539432525634766,"z":-0.343333899974823},"rotation":{"x":-0.007667945232242346,"y":0.9653500318527222,"z":-0.25971418619155886,"w":-0.029026878997683526},"size":0.8997657895088196,"orthographic":false}