{"cameraMode":{"drawMode":0,"name":"Shaded","section":"Shading Mode"},"sceneLighting":false,"audioPlay":false,"sceneViewState":{"m_AlwaysRefresh":false,"showFog":true,"showSkybox":false,"showFlares":true,"showImageEffects":true,"showParticleSystems":true,"showVisualEffectGraphs":true,"m_FxEnabled":true},"in2DMode":false,"pivot":{"x":1.1920928955078126e-7,"y":0.22499993443489076,"z":3.5762786865234377e-7},"rotation":{"x":-0.416793555021286,"y":-0.09328809380531311,"z":0.04303429648280144,"w":-0.9032878279685974},"size":0.5020773410797119,"orthographic":false}