{"cameraMode":{"drawMode":0,"name":"Shaded","section":"Shading Mode"},"sceneLighting":false,"audioPlay":false,"sceneViewState":{"m_AlwaysRefresh":false,"showFog":true,"showSkybox":false,"showFlares":true,"showImageEffects":true,"showParticleSystems":true,"showVisualEffectGraphs":true,"m_FxEnabled":true},"in2DMode":false,"pivot":{"x":0.0031018927693367006,"y":0.34617361426353457,"z":-0.07036206126213074},"rotation":{"x":0.3670608699321747,"y":0.1542334258556366,"z":-0.06166842579841614,"w":0.9154461622238159},"size":0.26136696338653567,"orthographic":false}