{"cameraMode":{"drawMode":0,"name":"Shaded","section":"Shading Mode"},"sceneLighting":false,"audioPlay":false,"sceneViewState":{"m_AlwaysRefresh":false,"showFog":true,"showSkybox":false,"showFlares":true,"showImageEffects":true,"showParticleSystems":true,"showVisualEffectGraphs":true,"m_FxEnabled":true},"in2DMode":false,"pivot":{"x":526.9734497070313,"y":400.07061767578127,"z":5.043853759765625},"rotation":{"x":-0.010046841576695443,"y":0.15717904269695283,"z":0.0017140510026365519,"w":0.987659215927124},"size":49.3046989440918,"orthographic":false}