{"cameraMode":{"drawMode":0,"name":"Shaded","section":"Shading Mode"},"sceneLighting":false,"audioPlay":false,"sceneViewState":{"m_AlwaysRefresh":false,"showFog":true,"showSkybox":false,"showFlares":true,"showImageEffects":true,"showParticleSystems":true,"showVisualEffectGraphs":true,"m_FxEnabled":true},"in2DMode":false,"pivot":{"x":-0.08079378306865692,"y":0.7798182964324951,"z":0.015300657600164414},"rotation":{"x":-0.08277000486850739,"y":0.857604444026947,"z":-0.14565709233283997,"w":-0.486463338136673},"size":1.6601026058197022,"orthographic":false}