{"cameraMode":{"drawMode":0,"name":"Shaded","section":"Shading Mode"},"sceneLighting":false,"audioPlay":false,"sceneViewState":{"m_AlwaysRefresh":false,"showFog":true,"showSkybox":false,"showFlares":true,"showImageEffects":true,"showParticleSystems":true,"showVisualEffectGraphs":true,"m_FxEnabled":true},"in2DMode":false,"pivot":{"x":-0.2205127477645874,"y":0.29221463203430178,"z":0.39756470918655398},"rotation":{"x":-0.16274608671665193,"y":0.6535675525665283,"z":-0.1466212421655655,"w":-0.7246846556663513},"size":1.276224970817566,"orthographic":false}